MACRO,KCALS,
CARBS,946.8645777956671, 
PROTEIN,296.12852463417863,
FAT, 650.7322956101658


